Priority,Job Title,Company,Match Score,Why Good Fit,What to Emphasize,Action Items,URL
‚úÖ HIGH,Senior Data Scientist,Cloud Nine Tech,73.2%,Strong technical match (100% coverage),"Emphasize: sql, pytorch, pandas",‚úçÔ∏è Tailor resume to highlight matching skills,https://jobs.example.com/Machine-Learning-Engineer-2
‚úÖ HIGH,Data Scientist - Google Jobs,Various Companies (via Google),72.6%,Strong technical match (100% coverage),Your experience,‚úçÔ∏è Tailor resume to highlight matching skills,https://www.google.com/search?q=Data+Scientist+jobs+in+Malaysia&ibp=htl;jobs
‚úÖ HIGH,Machine Learning Engineer - Google Jobs,Various Companies (via Google),72.6%,Strong technical match (100% coverage),Emphasize: machine learning,‚úçÔ∏è Tailor resume to highlight matching skills,https://www.google.com/search?q=Machine+Learning+Engineer+jobs+in+Malaysia&ibp=htl;jobs
‚úÖ HIGH,Python Developer - Google Jobs,Various Companies (via Google),72.6%,Strong technical match (100% coverage),Emphasize: python,‚úçÔ∏è Tailor resume to highlight matching skills,https://www.google.com/search?q=Python+Developer+jobs+in+Malaysia&ibp=htl;jobs
‚úÖ HIGH,Ai Engineer - Google Jobs,Various Companies (via Google),72.6%,Strong technical match (100% coverage),Your experience,‚úçÔ∏è Tailor resume to highlight matching skills,https://www.google.com/search?q=AI+Engineer+jobs+in+Malaysia&ibp=htl;jobs
‚úÖ HIGH,Data Scientist - LinkedIn Jobs,Various Companies (via LinkedIn),72.6%,Strong technical match (100% coverage),Your experience,‚úçÔ∏è Tailor resume to highlight matching skills,https://www.linkedin.com/jobs/search/?keywords=Data+Scientist&location=Malaysia
‚úÖ HIGH,Machine Learning Engineer - LinkedIn Jobs,Various Companies (via LinkedIn),72.6%,Strong technical match (100% coverage),Emphasize: machine learning,‚úçÔ∏è Tailor resume to highlight matching skills,https://www.linkedin.com/jobs/search/?keywords=Machine+Learning+Engineer&location=Malaysia
‚úÖ HIGH,Python Developer - LinkedIn Jobs,Various Companies (via LinkedIn),72.6%,Strong technical match (100% coverage),Emphasize: python,‚úçÔ∏è Tailor resume to highlight matching skills,https://www.linkedin.com/jobs/search/?keywords=Python+Developer&location=Malaysia
‚úÖ HIGH,Ai Engineer - LinkedIn Jobs,Various Companies (via LinkedIn),72.6%,Strong technical match (100% coverage),Your experience,‚úçÔ∏è Tailor resume to highlight matching skills,https://www.linkedin.com/jobs/search/?keywords=AI+Engineer&location=Malaysia
‚úÖ HIGH,Data Science Consultant,Smart Systems MY,72.6%,Strong technical match (100% coverage),"Emphasize: sql, pandas, numpy",‚úçÔ∏è Tailor resume to highlight matching skills,https://jobs.example.com/Data-Scientist-1
üìù MEDIUM,Data Science Consultant,Cloud Nine Tech,68.1%,Strong technical match (89% coverage),"Emphasize: sql, pytorch, azure",üéØ Learn: aws,https://jobs.example.com/Machine-Learning-Engineer-3
üìù MEDIUM,Data Scientist,Global Tech Corp,65.9%,Strong technical match (83% coverage),"Emphasize: azure, pytorch, deep learning",üéØ Learn: aws,https://jobs.example.com/Python-Developer-2
üìù MEDIUM,Senior Data Scientist,Digital Solutions Sdn Bhd,65.2%,Strong technical match (80% coverage),"Emphasize: sql, pytorch, pandas","üéØ Learn: tableau, data visualization",https://jobs.example.com/Machine-Learning-Engineer-4
